<?xml version="1.0" encoding="UTF-8" ?>
<!DOCTYPE mapper
  PUBLIC "-//mybatis.org//DTD Mapper 3.0//EN"
  "http://mybatis.org/dtd/mybatis-3-mapper.dtd">
<mapper namespace="com.board.mapper.BoardMapper">

	<select id="getList" resultType="com.board.domain.BoardVO">
		select * from tbl_board
	</select>
	
	<insert id="write">
		insert into tbl_board(title, content, writer, regDate)
				values(#{title}, #{content}, #{writer}, #{regDate})
	</insert>

	<select id="get" resultType="com.board.domain.BoardVO">
		select * from tbl_board where bno = #{bno}			
	</select>

	<update id="modify">
		update tbl_board set
				title = #{title},
				content = #{content},
				writer = #{writer},
				regdate = NOW()
		where bno = #{bno}
	</update>
	
	<delete id="delete" parameterType="Long">
		delete from tbl_board where bno = #{bno}
	</delete>
	
</mapper>